Player,Team,Bats,Year,PA,No.1,Year,No.2,Year,No.3,Year
 Òj,_,L,2020,311,p ,2021,c L,2020,@ C,2022
ߖ{ i,_,L,2020,519, G,2024,g P,2022,@ C,2021
}e,_,R,2020,119,O C,2024, ,2022,R I,2024
g P,,L,2020,389,c s,2024, n,2021, ,2021
{ El,,R,2020,479, hl,2024, hl,2022, hl,2023
 _,,L,2020,491, @,2021, @,2024,ߓ ,2023
{ a^,,R,2020,500,X đ,2024,R 䍂,2022,R 䍂,2021
{[A,_,L,2020,379,{ KY,2022,T-c,2021,T-c,2020
 l,_,L,2020,244, E,2023, E,2022,c s,2024
T Ps,,L,2020,156,ؘQ ,2020,ؘQ ,2024, ,2021
 GV,,R,2020,312,c ,2024,OVA,2022,b ,2024
p[,,L,2020,154, ,2023, W,2021,Έ ꐬ,2021
ؘQ ,_,L,2020,334,֍ C,2023, ,2021,g P,2021
~ Y,_,R,2020,342, đ,2020,b ,2021, ,2020
YJ mN,,R,2020,114,F ċP,2024,g OY,2022,c ,2024
哇 m,,L,2020,525,ߖ{ i,2022, l,2021, ^O,2024
c ǉ,,R,2020,193,rVGh,2023,g OY,2024,mCW[,2023
Ae,,B,2020,247, C,2023,c ,2024, b,2020
rVGh,,R,2020,462,IXi,2023,{ ,2023,R I,2021
 ,,L,2020,438,씨 ,2022, G,2020,@ C,2022
 q,,L,2020,458, l,2022, ,2024, T,2020
Rc Nl,,R,2020,384,O C,2024,O C,2022,O C,2023
 e,,L,2020,425,gc ,2021,ߓ ,2024,gc ,2022
 @,,L,2020,515,ߓ ,2023, _,2020, _,2021
 ח,,R,2020,179,א ,2023, đ,2020,g ,2023
Y,,L,2020,113,,2023, Đ,2023,ؘQ ,2020
GXRo[,,R,2020,401,{ ,2024,g OY,2022,IXi,2021
 ,,R,2020,459,JXe,2024, Y,2024,_ Sm,2021
c z,,L,2020,491, G,2023, G,2022,q 听,2023
؉ ,,R,2020,269,IXi,2021,g OY,2021,{ El,2024
c i,,R,2020,216,s,2020,IXi,2021,er ,2020
{{ ,,L,2020,172, yP,2024,ߖ{ i,2022,c ,2020
 M,,L,2020,155,ؘQ ,2024, G,2023,씨 ,2023
A u,,R,2020,142,\g,2020,Rc Nl,2024,frbh\,2023
s,L,R,2020,337,er ,2024, Y,2021,l,2022
er ,L,R,2020,429,K u,2024, ,2020,{ ,2023
 n,L,L,2020,328,HR Č,2023, Y,2023, C,2022
 ,L,R,2020,514,X đ,2024,Rc Nl,2021,R I,2022
J K,f,L,2020,482, G,2022,C ,2022,Ζ hܘY,2020
 q,f,L,2020,115,R WN,2020,,2023,ؘQ ,2024
\g,f,R,2020,480,c ,2020,frbh\,2023, Dn,2022
V ,L,R,2020,263, đ,2020,O C,2020,~ Y,2020
 đ,L,R,2020,451, ח,2021,~ Y,2020,b ,2021
c L,L,L,2020,454, O,2022,c ,2021, Òj,2020
 b,f,L,2020,451,c I,2023,Ζ hܘY,2020, G,2022
yX,f,R,2020,305,l,2022,c _,2020,l,2021
{ qY,f,R,2020,460,R{ S,2024,K u,2024,rVGh,2020
a,f,R,2020,225,K u,2022,g OY,2024,O C,2020
I[XeB,f,R,2020,269,CGX,2024, ,2023,R I,2020
q{ F,f,L,2020,216,c s,2023,e ,2023, Đ,2023
 yP,,L,2020,523,ߖ{ i,2023,ߖ{ i,2024,q ,2021
c ׎,,R,2020,481,ጎ ,2023,W[Y,2020,IXi,2022
ߓ ,,L,2020,467,ߖ{ i,2024, yP,2020, T,2023
XpWFo[O,,L,2020,445, P,2024, P,2021, P,2022
c s,,L,2020,518, ,2021, ll,2022, ,2022
X F,,L,2020,405, b,2024,{ ׎j,2022,g P,2023
c ,,R,2020,506,R 䍂,2021,A[h,2021,\g,2020
n ,,R,2020,465, P,2023,g OY,2023,OVA,2022
Έ ꐬ,,L,2020,104, su,2022, G,2023, G,2022
R 䍂,,R,2020,401,{ a^,2020,Rc Nl,2024,Rc Nl,2022
O C,,R,2020,500,K u,2022, ,2020,er ,2020
 ,,R,2020,297,Rc Nl,2023,O C,2022,b ,2020
F ^,,L,2020,187, Jl,2023,,2023,ؘQ ,2024
IR I,,L,2020,428, T,2023,c ,2022,X F,2022
ؑ I,,R,2020,301,_ Sm,2021,{ El,2024,ΐ V,2023
q Ўi,,B,2020,338,e ,2023,c s,2020,ؘQ ,2020
{ KY,,L,2020,263, O,2021,{ ׎j,2022,c ,2023
Ζ hܘY,y,L,2020,321, G,2022, b,2021,X F,2021
 n,y,L,2020,546,ߖ{ i,2022,씨 ,2022,@ C,2022
ubV,y,R,2020,149,Rc Nl,2020,O C,2023,b ,2024
 hl,y,R,2020,529, ,2021,I[XeB,2024,T^i,2024
 G,y,L,2020,471, ,2020,@ C,2022,[c ,2023
T-c,I,L,2020,377,{ KY,2022,|R,2022,q ,2024
hQX,I,R,2020,211,Y ,2020,g OY,2021,c _,2020
gc ,I,L,2020,492, G,2022, e,2020,q ,2021
,y,R,2020,404,\g,2024,R 䍂,2024,R I,2020
⎟,y,L,2020,245,@ C,2023,@ C,2024,[c ,2024
c ,y,R,2020,164,K u,2022,O C,2021, ,2023
C ,y,L,2020,282, O,2021,g P,2020,HL Dl,2023
W[Y,I,R,2020,338, Dn,2022,IXi,2022,R I,2021
 \,I,R,2020,155,F ċP,2024,V ,2022,{ ,2021
 ,I,R,2020,285,F ċP,2024,c ,2024,{ ,2021
ጎ ,I,R,2020,215,l,2022,IXi,2021,g OY,2021
B ,I,R,2020,311,{ i,2022, I,2021, P,2023
c G,,L,2020,225,,2021,Ǌ ,2021, BH,2024
p ,,L,2020,254,[c ,2021, ,2021, W,2020
 Mi,,R,2020,236, ,2021,R{ S,2024,{ ,2022
 m,\,L,2020,178,,2021, ,2024, BH,2024
I ˖,\,L,2020,500,X F,2020, b,2024,Έ ꐬ,2022
c I,\,L,2020,515, P,2023,X F,2023,{ KY,2024
oeB,\,R,2020,218,b ,2023,Rc Nl,2024,A[h,2022
A[h,,R,2020,147,tR,2023, Dn,2022,c _,2021
}[eB,,L,2020,448,|R,2024,|R,2023,I ˖,2024
 ,,R,2020,499,er ,2020,K u,2022,O C,2020
c _,\,R,2020,431,IXi,2021,l,2022,l,2021
{ ,\,R,2020,177,IXi,2021,c _,2020,c i,2021
b ,\,R,2020,360,O C,2022,X đ,2023,Rc Nl,2023
 ,,R,2020,447, hl,2024,}Lm,2023,R I,2024
c O,,R,2020,237, P,2024,c ,2024, Y,2024
 T,,L,2020,370, E,2024,@ C,2023,g P,2020
q 听,\,L,2020,180,ؘQ ,2020,,2023,c z,2020
c ,,L,2020,460, O,2024,c L,2020, O,2022
 C,\,L,2020,346,ؘQ ,2023,c s,2023, ,2024
 u,\,L,2020,172, T,2021,[c ,2021,[c ,2024
R I,_,R,2020,471, ,2023,A[h,2021,,2020
k j,_,R,2020,112,b ,2022,{ ,2021,V ,2022
 O,,L,2020,308, ,2021,c ,2023,c ,2021
z ,_,R,2020,182,IXi,2022,R qP,2023,g ,2024
 v`,L,R,2020,299, ח,2022,OVA,2022,c ,2024
 DS,,R,2020,157,{ ,2021,V ,2022, P,2024
[c ,y,L,2020,437, ^O,2024, s,2024, l,2021
` F,,R,2020,129,V ,2022,F ċP,2024,{ ,2021
R WN,,L,2020,323,c s,2023, Đ,2023,ؘQ ,2023
Y ,,R,2020,310,g OY,2021,l,2021,l,2022
˒ F,f,L,2020,277, G,2022,c z,2020, G,2023
ēc ,f,L,2020,276, Òj,2020,c L,2020,p ,2021
 ,f,R,2020,105,g OY,2021,Y ,2020,IXi,2021
 r,,R,2020,116,g OY,2022,GXRo[,2020,{ ,2024
J m,,B,2020,161,؉ ,2023,c ,2020, ,2024
 ,,L,2020,191,씨 ,2023,e ,2024, T,2020
c l,y,R,2020,109,b ,2023,\g,2020,\g,2021
쓇 cO,\,R,2020,162, I,2022,}e,2021,{ qY,2020
c G,,R,2020,209,T^i,2021,}Nu[,2022,א ,2023
q ,L,L,2020,228, n,2024, G,2024,Ǌ ,2021
 WO,,B,2020,159,e ,2023, Đ,2023,ؘQ ,2020
 su,,L,2020,127, G,2022, ,2024, O,2021
 Ј,I,R,2020,198,JXe,2024,l,2022,l,2021
 ᩑ,I,R,2020,162,g OY,2022,GXRo[,2020,g OY,2021
TY,_,R,2020,443,Rc Nl,2022,R I,2022, ,2024
R ,L,L,2020,425, Cl,2022, n,2024,e ,2023
 T,y,L,2020,129,C ,2022,C ,2023,Ζ hܘY,2021
 ,,L,2020,157, Jl,2023,ؘQ ,2024,ؘQ ,2020
c ,,R,2020,215,b ,2023,b ,2020,O C,2022
R B,I,R,2020,105,F ċP,2024,{ ,2021,c ,2024
EB[[,,R,2020,288,IXi,2023,X đ,2023,O C,2022
{ ,,R,2020,162,F ċP,2024,c ,2024,g OY,2022
@ C,I,L,2020,203, ,2024, E,2024, su,2022
`D}eBlX,,R,2020,109, ח,2021,i T,2024, GV,2020
_ aB,f,L,2020,190,C ,2024, ,2020, s,2022
 m,,L,2020,275,ߖ{ i,2024, B,2023, B,2022
rkGo,,R,2020,196,{ El,2024,O C,2020,X đ,2023
 W,\,L,2020,413,[c ,2021, su,2024,@ C,2023
쐣 W,\,L,2020,164,,2023,ؘQ ,2020, Jl,2023
吷 ,L,L,2020,148,ؘQ ,2023,OX M,2021, C,2020
 ,,L,2020,313, T,2021,R WN,2022,[c ,2021
qA,,R,2020,260, Dn,2022,g ,2022, ,2024
c ,I,L,2020,312, yP,2024, s,2024,p ,2021
,I,L,2020,176,c I,2022, P,2024, P,2023
c a,y,B,2020,282,ጎ ,2023,JXe,2024,HL Dl,2023
_c M,,R,2020,105,Y ,2020,g OY,2021,A[h,2022
OVA,\,R,2020,276,IXi,2022, ,2021,c ׎,2020
{ TY,I,R,2020,141,ጎ ,2023,쑺 C,2021,n ,2020
 ,_,L,2020,134,OX M,2021,,2023, Đ,2023
 đ,,L,2020,180,@ C,2024, su,2022,[c ,2024
剺 Y,I,R,2020,104,O C,2021,O C,2022,er ,2024
 ,,L,2020,105,HL Dl,2023, O,2020, W,2021
K u,f,R,2021,571,{ ,2022,{ qY,2021, C,2023
֍ C,f,L,2021,139, su,2022, G,2023,ؘQ ,2024
q G,f,R,2021,523,J u,2024, ,2021,{ TY,2021
J K,,L,2021,246, T,2021,g P,2020,@ C,2021
 WO,,B,2021,242, ,2023,mCW[,2023,؉ ,2023
{ El,,R,2021,487, hl,2024,R I,2024,}Nu[,2022
{ a^,,R,2021,592,TY,2021,}eBlX,2024,}eBlX,2023
 _,,L,2021,457, @,2023, @,2024, @,2021
EB[[,,R,2021,427,}Lm,2023,q G,2022,}eBlX,2023
 O,,L,2021,386, ,2024,Έ ꐬ,2022,C ,2021
 ,,L,2021,477, T,2023, Y,2023,C ,2023
 b,f,L,2021,615,Ζ hܘY,2020,q ,2022,X F,2024
{ qY,f,R,2021,569,R{ S,2024,{ ,2022,K u,2021
ēc ,f,L,2021,266,R ,2023,c L,2020, O,2022
 GV,,R,2021,195,JXe,2024,IXi,2022,ጎ ,2023
_ aB,f,L,2021,118, BH,2024,Έ ꐬ,2021,,2021
k ,,R,2021,103, đ,2020, ,2020,Si T,2024
a,f,R,2021,294,c ,2024,g OY,2024,{ ,2021
T Ps,,L,2021,206, su,2022, ,2024, O,2021
ߖ{ i,_,L,2021,612,@ C,2021, Y,2021, G,2024
 l,_,L,2021,488,哇 m,2021,c ,2022,[c ,2021
}e,_,R,2021,526,Rc Nl,2021,X đ,2024,R I,2024
 e,,L,2021,501, b,2023, n,2021, n,2022
Rc Nl,,R,2021,581,R I,2022,X đ,2024, ,2020
R I,_,R,2021,512,IXi,2024,IXi,2023,X đ,2023
TY,_,R,2021,461,{ a^,2022,}eBlX,2024,}Lm,2023
 P,_,L,2021,455,XpWFo[O,2020,I ˖,2023,|R,2022
~ Y,_,R,2021,458,n ,2021,i T,2023,b ,2022
ؘQ ,_,L,2021,132,,2023,֍ C,2023,R ,2020
 @,,L,2021,615, _,2020, _,2021,ߓ ,2023
 ח,,R,2021,534, đ,2020,i T,2024,EB[[,2021
Y ,,R,2021,276,{ El,2024, ,2023,{ ,2021
 I,,R,2021,445,B ,2021,B ,2020, ,2024
 Òj,_,L,2021,119, O,2021,Έ ꐬ,2022, ,2024
É D,,R,2021,125,F ċP,2024,c ,2024,{ ,2024
 ,_,L,2021,525,c s,2021,c s,2020, ,2021
哇 m,,L,2021,596, l,2021,c ,2022,[c ,2021
 ,,R,2021,240,c ,2024,V ,2022,{ ,2021
 ,,L,2021,520,g P,2020, ,2021, E,2024
c L,L,L,2021,160,R ,2023,씨 ,2023,[c ,2024
er ,L,R,2021,542, ,2020,X đ,2023, \,2023
 n,L,L,2021,551, su,2024, Y,2023,g P,2022
 ,L,R,2021,533, hl,2020,I[XeB,2024, hl,2023
R ,L,L,2021,194, ,2021, su,2024,IR I,2021
rVGh,,R,2021,526,K u,2024,؉ ,2021,c i,2021
c z,,L,2021,448,c C,2022,q 听,2023,g P,2021
؉ ,,R,2021,393,c i,2021,K u,2024,rVGh,2021
N,L,R,2021,137, ,2024,g ,2022, Dn,2022
 đ,L,R,2021,143,{ ,2021,F ċP,2024,V ,2022
V ,L,R,2021,204,g OY,2024,؉ ,2023,n ,2021
 V,,L,2021,188,,2023,R WN,2020,ؘQ ,2024
 F,,L,2021,216,{ ׎j,2022,c L,2020, O,2021
q ,L,L,2021,484,ߖ{ i,2023, G,2022,X F,2021
 v`,L,R,2021,140,~ Y,2021,~ Y,2024, ,2023
 yP,,L,2021,547,p ,2021,c ,2020, T,2024
{ ,,R,2021,104,g OY,2024, P,2023,n ,2020
ߓ ,,L,2021,545,X F,2021, G,2022,q ,2021
C ,y,L,2021,443, O,2022,c ,2023, O,2021
[c ,y,L,2021,455,씨 ,2024, W,2020, l,2021
 G,y,L,2021,599, _,2022, @,2021,q ,2023
 hl,y,R,2021,595,{ qY,2022,fXpCl,2021,{ qY,2024
Ζ hܘY,y,L,2021,466,IR I,2020, O,2023, T,2023
 n,y,L,2021,628,O E,2024, G,2020, e,2021
c ,,R,2021,150,c _,2020,{ El,2024,tR,2023
n ,,R,2021,325,~ Y,2021,i T,2023,K u,2022
c ׎,,R,2021,206,g OY,2021,Y ,2020,{ El,2024
c ,y,R,2021,281,{ ,2021,V ,2022, Y,2024
쑺 C,,R,2021,394,_ Sm,2021,IXi,2021,mCW[,2023
 DS,,R,2021,256,~ Y,2022, I,2023,~ Y,2021
 ,,L,2021,117,씨 ,2023,ؘQ ,2024, Jl,2023
Ǌ ,,L,2021,458, n,2024, Đ,2023, Jl,2024
Έ ꐬ,,L,2021,321,R WN,2022, ,2023, Đ,2023
c ,I,R,2021,159,Y ,2020,g OY,2021,A[h,2022
gc ,I,L,2021,455, e,2020,ߓ ,2024, G,2022
,I,L,2021,375, BH,2024, ,2024,I ˖,2023
q Ўi,,B,2021,220,,2023, Jl,2023,F ċP,2024
c s,,L,2021,516, ,2022, ,2021,HR Č,2024
X F,,L,2021,520, G,2022,ߓ ,2021,ߓ ,2022
R 䍂,,R,2021,414,c ,2020,c ,2022,A[h,2021
IR I,,L,2021,446,씨 ,2024,e ,2024, ,2021
O C,,R,2021,300, I,2023, ,2024, I,2022
W[Y,I,R,2021,180,O C,2020,X đ,2023,er ,2021
{ TY,I,R,2021,542,CGX,2024,g ,2023,\g,2024
ڋ{ T^,I,R,2021,125,{ TY,2023, ,2024,EH[J[,2022
@ C,I,L,2021,543, b,2024,ߖ{ i,2020, n,2021
 ,,R,2021,475,J u,2024,{ TY,2022,Zf[j,2024
g OY,I,R,2021,473,IXi,2021,Y ,2020,l,2021
T-c,I,L,2021,407,|R,2023,{ KY,2022,I ˖,2023
 Ј,I,R,2021,262,{ ,2021,g OY,2022, Y,2024
 Mi,,R,2021,643,{ ,2022, ,2021,R{ S,2024
}[eB,,L,2021,499,|R,2024,T-c,2020, @,2024
 C,\,L,2021,188,Έ ꐬ,2021, Jl,2023, ,2023
{ ,\,R,2021,413,F ċP,2024,c ,2024,V ,2022
c I,\,L,2021,593,{ KY,2024, b,2020, P,2023
OVA,\,R,2021,150,EB[[,2021,K u,2021,T^i,2023
 W,\,L,2021,552,p ,2021, G,2023, O,2022
c ,,L,2021,399,c L,2020, O,2022, O,2024
R qP,,R,2021,228,b ,2020, ,2020,\g,2023
 ,,R,2021,615, Mi,2021, Mi,2022,O C,2023
fXpCl,\,R,2021,308, hl,2021,R I,2022, hl,2020
I ˖,\,L,2021,596,q ,2024,{ KY,2023, b,2021
c _,\,R,2021,390,tR,2023,IXi,2023, Dn,2022
c O,,R,2021,165,n ,2021,~ Y,2021,g OY,2024
 ,,L,2021,254,c ,2023,c ,2021, BH,2024
b ,\,R,2021,479,~ Y,2020, đ,2020, ח,2021
g P,,L,2021,329, G,2024, Cl,2024,֍ C,2023
˒ F,f,L,2021,135, G,2022, ,2024, G,2023
R D,,L,2021,235, ,2023,R WN,2022,c C,2022
n ,y,L,2021,113, ll,2022, C,2024,HR Č,2023
⎟,y,L,2021,105,c ,2020, s,2023, l,2021
c ,I,L,2021,471, W,2023, l,2021,[c ,2020
 \,I,R,2021,169,F ċP,2024,{ ,2021,c ,2024
 yl,,R,2021,161,b ,2024, GV,2020,_ Sm,2021
J E,\,L,2021,120,q ,2023, _,2024,q ,2022
R WN,,L,2021,245,Έ ꐬ,2021,c s,2022, Đ,2023
Ό MK,L,R,2021,125,c _,2020,{ El,2024,Y ,2020
 Y,,R,2021,338,l,2021,s,2020,l,2022
 C,,R,2021,185, đ,2020,}eBlX,2023,IXi,2022
 T,,L,2021,493, ,2020,[c ,2021, l,2021
p ,,L,2021,326,c ,2020, Òj,2020, yP,2021
쓇 cO,\,R,2021,123,n ,2021, ,2020, ,2022
Oc ,,R,2021,138, P,2024,~ Y,2021,c ,2024
Rc y,,R,2021,173,{ ,2021,b ,2022,V ,2022
A[h,,R,2021,545,c ,2022,c ,2020,R I,2020
B ,I,R,2021,382, I,2021,n ,2021,{ i,2022
R{ S,f,R,2021,111,g OY,2021,Y ,2020,{ El,2024
 FT,L,L,2021,170, Đ,2023,R WN,2020,ؘQ ,2023
 O,,L,2021,478,{ ׎j,2022,X F,2020, e,2021
^ E,\,R,2021,124,쑺 C,2021,ጎ ,2023,g OY,2021
A u,,R,2021,117,A[h,2022,b ,2023,c _,2021
 n,,L,2021,123,OX M,2021, Đ,2023,q 听,2023
q 听,\,L,2021,292,g P,2021,OX M,2023,e ,2023
ጎ ,I,R,2021,140,R qP,2022,s,2020,IXi,2023
c i,,R,2021,305,؉ ,2021,IXi,2021,c _,2020
l,,R,2021,316,c _,2020,IXi,2021,g OY,2021
H Y,L,L,2021,117,ؘQ ,2023, ,2024, C,2020
 Y,y,L,2021,507,HL Dl,2023, n,2023, C,2022
g ,,R,2021,133,\g,2021, ,2024,frbh\,2023
_ Sm,,R,2021,404,쑺 C,2022,g OY,2023,K u,2024
I[XeB,f,R,2021,439, hl,2020,T^i,2024,T^i,2021
\g,f,R,2021,451,frbh\,2023,쑺 C,2023,R qP,2023
ΐ ,,R,2021,123,{ ,2021,F ċP,2024,V ,2022
 Cl,L,L,2021,481, G,2024,g P,2021,q 听,2023
R.hQX,,R,2021,124,g ,2022,A[h,2022, Dn,2022
T^i,,R,2021,418,\g,2022,}eBlX,2023,{ El,2023
IXi,,R,2021,495,c _,2020,l,2022,g OY,2021
XpWFo[O,,L,2021,212, O,2022,Ζ hܘY,2021, O,2023
fBN\,y,R,2021,123,b ,2023,b ,2020,Rc Nl,2024
 su,,L,2021,155,T-c,2021,|R,2023,{ KY,2022
X[N,,B,2021,125,א ,2023,{ TY,2022,g ,2023
 Z,,L,2021,283,T-c,2020,q ,2024, P,2022
G`FoA,,R,2021,216,g OY,2022,g OY,2021,{ El,2024
nXEWjA,_,B,2021,206,b ,2023,b ,2021,b ,2020
z i,,L,2021,174, O,2021, ,2024,Έ ꐬ,2022
 W,L,L,2021,376,OX M,2022,OX M,2023, V,2024
F E,L,L,2021,158, V,2024, W,2021,OX M,2022
ɓ ,f,R,2021,192,mCW[,2023,{ El,2024,{ ,2024
 s,L,L,2021,270,c s,2024, E,2024,c s,2021
 ,,R,2021,234,c ,2024,{ ,2021, Y,2024
{ ׎j,f,L,2021,127,g P,2023,c s,2022, Cl,2022
OX M,\,L,2021,345,c s,2023,e ,2023, Đ,2023
 ĕ,,B,2021,128,ؘQ ,2024,c ,2024,ؘQ ,2020
R ,y,L,2021,194,HL Dl,2023, ,2021, C,2022
 n,,R,2021,123,Y ,2020, Y,2024,g OY,2021
YJ mN,y,R,2021,124,IXi,2021,g OY,2021,c _,2020
X hl,f,L,2021,113,,2023,OX M,2021, Đ,2023
IRG ڈ,y,R,2021,110,~ Y,2021,c ,2024,{ ,2024
n ,,L,2021,134, su,2022,ؘQ ,2024, ,2023
 ,,R,2021,118,~ Y,2021,쑺 C,2021,GXRo[,2020
c ,,R,2021,106,O C,2022,b ,2023,Rc Nl,2023
`[h,\,R,2021,116,g ,2022,frbh\,2023,A[h,2022
哇 m,,L,2022,482,씨 ,2022,ߖ{ i,2022, n,2020
 E,,L,2022,608, n,2020,c s,2024,c s,2022
g P,,L,2022,567,ߖ{ i,2020, n,2021,c s,2024
|R,,L,2022,484,IOfB,2022,{ KY,2022,T-c,2021
{ a^,,R,2022,589,TY,2021,}eBlX,2024,c ,2020
rVGh,,R,2022,532, \,2023,c ,2024,{ ,2022
؉ ,,R,2022,466,{ ,2024,c ,2024,g OY,2022
 ,,R,2022,548,{ El,2022,{ ,2024,OVA,2022
c ,,R,2022,375,A[h,2021,R 䍂,2021,R I,2020
 _,,L,2022,607, G,2021, @,2021,{ KY,2023
ΐ V,,R,2022,141,ؑ I,2020, ,2020,쑺 C,2023
c z,,L,2022,143, ,2024, su,2022, O,2021
 GV,,R,2022,111,K u,2022, ,2020,er ,2023
L q,,R,2022,195,Y ,2020,g OY,2021,l,2022
ae l,,L,2022,157,c C,2022,c z,2021, ,2023
 n,L,L,2022,424,C ,2022,C ,2024,C ,2023
er ,L,R,2022,522,s,2020,{ ,2023,K u,2023
 Cl,L,L,2022,511,R ,2020,e ,2023,֍ C,2023
K u,f,R,2022,529, ,2020, ,2024,O C,2020
 b,f,L,2022,574,q ,2022,q ,2023,I ˖,2024
{ ׎j,f,L,2022,327, O,2021,X F,2020, b,2023
q G,f,R,2022,568,X đ,2024,ڋ{ T^,2023,{ El,2023
R ,L,L,2022,166,ؘQ ,2024, Jl,2023,ؘQ ,2020
q ,L,L,2022,599, G,2020,IR I,2020,Ζ hܘY,2020
V ,L,R,2022,325,b ,2022,{ ,2021,F ċP,2024
{ i,L,R,2022,300,{ ,2022,B ,2020,{ ,2022
{ qY,f,R,2022,482, hl,2021,Si T,2024, C,2023
ēc ,f,L,2022,198,씨 ,2023,ؘQ ,2024, ,2024
˒ F,f,L,2022,151, ,2024,R ,2020, n,2024
c ׎,f,R,2022,153, ,2021,J u,2024,{ TY,2023
 ח,,R,2022,567,\g,2022,c ,2024,T^i,2023
 e,,L,2022,256, W,2021,R ,2023, O,2022
Rc Nl,,R,2022,540,TY,2020,R I,2022,}Nu[,2022
 @,,L,2022,612, _,2021,ߓ ,2023, _,2020
T^i,,R,2022,215,א ,2024,CGX,2024,I[XeB,2021
 G,,L,2022,548,c z,2020, ,2024, su,2022
ߖ{ i,_,L,2022,580, n,2020,哇 m,2020,哇 m,2022
 ,_,L,2022,610,c s,2021,c s,2024,g P,2020
}e,_,R,2022,102, I,2023, I,2024,K u,2022
 P,_,L,2022,603,Ζ hܘY,2021,T-c,2020,XpWFo[O,2020
IXi,,R,2022,529,c _,2021,R I,2021,g ,2024
 l,_,L,2022,495, q,2020, T,2020,@ C,2023
 Òj,_,L,2022,182, T,2020,ؘQ ,2024, q,2020
R I,_,R,2022,510,Rc Nl,2021,TY,2020, ,2024
~ Y,_,R,2022,331,n ,2021,b ,2022,i T,2023
R s^,,R,2022,197,b ,2021,O C,2022,Rc Nl,2023
_c M,,R,2022,148,A[h,2022,g ,2022,l,2021
nXEWjA,_,B,2022,211,{ KY,2022,|R,2022,TY,2021
 ll,,L,2022,608, C,2024,HR Č,2024,c s,2020
}[eB,,L,2022,266,IOfB,2022,|R,2022,I ˖,2023
 ,,R,2022,596,R I,2024,O C,2023, ,2024
 yP,y,L,2022,451, T,2024, T,2024,q ,2023
R ,y,L,2022,218, T,2020,g P,2020,c ,2023
 hl,y,R,2022,633,{ El,2020,}eBlX,2023,R I,2022
A[h,,R,2022,396,g ,2022,Y ,2020,l,2021
 su,,L,2022,402, ,2024, G,2022, O,2021
 C,,R,2022,248, ,2020,b ,2020, đ,2020
 G,y,L,2022,613,Ζ hܘY,2020,X F,2021,gc ,2020
Ζ hܘY,y,L,2022,268,{ KY,2022,{[A,2020,I ˖,2023
 n,y,L,2022,477,O E,2024, W,2022,@ C,2022
 Ր,,R,2022,212,~ Y,2024,~ Y,2022,~ Y,2021
[c ,y,L,2022,479,哇 m,2021,@ C,2022,c ,2022
G`FoA,,R,2022,257,g OY,2021,GXRo[,2020,{ El,2024
c ,I,L,2022,502,哇 m,2021, l,2021,[c ,2021
@ C,I,L,2022,537,[c ,2023,g P,2024, G,2020
gc ,I,L,2022,508, e,2020,ߓ ,2024, G,2021
 ,,L,2022,227, E,2024, T,2020,@ C,2024
IOfB,,L,2022,465,|R,2022,T-c,2020,{ KY,2022
X F,,L,2022,412,IR I,2020,c ,2022,g P,2024
{ TY,I,R,2022,433,א ,2023,\g,2024,Zf[j,2024
g OY,I,R,2022,495,{ ,2024,mCW[,2023,c ,2024
R 䍂,,R,2022,528,{ a^,2023,{ a^,2024,{ a^,2020
 ,,R,2022,294,A[h,2022,b ,2023,g ,2022
O C,,R,2022,547,b ,2020,X đ,2023,Rc Nl,2023
ጎ ,I,R,2022,193,c ׎,2020,q G,2021,er ,2021
B ,I,R,2022,243, I,2021,n ,2021,{ i,2022
IR I,,L,2022,267, Jl,2024,Ǌ ,2021,{ ׎j,2022
l,,R,2022,393,IXi,2021,c _,2020,g OY,2021
c s,,L,2022,456,HR Č,2024,g P,2022, ll,2022
 Dn,,R,2022,309,c _,2021,W[Y,2020,\g,2020
Ǌ ,,L,2022,240,Έ ꐬ,2022, ,2024, W,2021
Έ ꐬ,,L,2022,328,X F,2020,{ ׎j,2022, ,2024
OX M,\,L,2022,437, C,2022, n,2024,HL Dl,2023
{ ,\,R,2022,510,K u,2021,R{ S,2024,{ qY,2021
c I,\,L,2022,491,{ KY,2024, P,2023, P,2024
OVA,\,R,2022,386,{ ,2024,n ,2020,K u,2021
 W,\,L,2022,435, G,2023, n,2022, T,2024
{ ,,R,2022,445,{ i,2022,{ ,2022,K u,2021
kjGX,,R,2022,180,A[h,2022,Y ,2020,g OY,2021
ߓ ,,L,2022,396,X F,2021,ߖ{ i,2023,q ,2021
 ,,R,2022,106,g OY,2021,{ El,2024,{ ,2021
F ^,,L,2022,237,HL Dl,2023,g P,2023, C,2022
c _,\,R,2022,106,GXRo[,2020,g OY,2021,{ ,2021
 m,\,L,2022,100, Y,2021, Cl,2023,q 听,2022
b ,\,R,2022,405,V ,2022, I,2024,{ ,2021
g ,,R,2022,314,A[h,2022, ,2024,\g,2021
AJ^,,B,2022,285,\g,2021,frbh\,2023,\g,2023
KrX,\,B,2022,130,mCW[,2023,b ,2022,{ El,2024
q 听,\,L,2022,441, Cl,2023,c{ T,2024,ߖ{ i,2020
 O,,L,2022,393,C ,2021,Ζ hܘY,2021,q ,2023
EH[J[,,R,2022,428,{ TY,2023,,2020,Zf[j,2024
a,f,R,2022,277,GXRo[,2020,g OY,2021,{ ,2024
ɓ ,f,R,2022,103,b ,2024, GV,2020,쑺 C,2021
_ aB,f,L,2022,107,Έ ꐬ,2021,c ,2020, T,2020
֍ C,f,L,2022,225,c z,2021,c z,2020, G,2023
{ uY,_,R,2022,151,b ,2022,V ,2022,{ ,2021
 Ј,I,R,2022,235,IXi,2021,K u,2023,l,2022
c ,I,R,2022,101,{ ,2021,c ,2024,V ,2022
{ KY,,L,2022,461,|R,2023,T-c,2021,|R,2022
{ El,,R,2022,352, ,2022,{ ,2024, GV,2020
 l,L,R,2022,137,Y ,2020,g OY,2021,{ El,2024
 v`,L,R,2022,134, Y,2024, ,2023,~ Y,2022
 đ,L,R,2022,274,ጎ ,2023,c ׎,2020, ,2024
ؘQ ,_,L,2022,101,c z,2020, G,2023, Jl,2023
n ,y,L,2022,168,ؘQ ,2020,g P,2021,֍ C,2023
R qP,,R,2022,349,g ,2024,IXi,2022,c ,2022
⎟,y,L,2022,271,@ C,2023,e ,2024,c ,2021
YJ mN,y,R,2022,288,g OY,2022,mCW[,2023,JXe,2024
 ,,L,2022,126,ؘQ ,2024,씨 ,2023, ,2024
ڋ{ T^,I,R,2022,271,c ,2020,{ a^,2022,c ,2022
}Nu[,L,R,2022,508,O C,2023, ,2024,{ El,2021
 O,,L,2022,301,c L,2020, G,2023,c ,2021
o,I,B,2022,126, q,2020, ,2024,@ C,2023
}zX,y,L,2022,223,I ˖,2023,IOfB,2022, O,2021
C ,y,L,2022,476, T,2023,IR I,2020, n,2022
WZEEBeB,,R,2022,128,Y ,2020,g OY,2021,{ El,2024
 B,\,L,2022,364, ,2024,ߖ{ i,2022, Jl,2024
 ᩑ,I,R,2022,118,Y ,2020,JXe,2024,l,2022
 s,L,L,2022,338,씨 ,2022,哇 m,2022, E,2023
c ,,L,2022,440, T,2023, T,2024,IR I,2020
R{ ׊,_,R,2022,203,쑺 C,2021,GXRo[,2020,mCW[,2023
c ,,L,2022,131, Jl,2024, Y,2021, C,2022
ѐA ,,R,2022,118,g OY,2021,{ El,2024,Y ,2020
鑺 ÍF,L,R,2022,126,s,2020,l,2022,K u,2023
A.}eBlX,,R,2022,286, ח,2022,}Lm,2023,\g,2022
쑺 C,,R,2022,368,_ Sm,2021,؉ ,2021, GV,2020
쑺 E,\,R,2022,203,Zf[j,2024,g ,2023,{ TY,2022
{{ ,,L,2022,134,씨 ,2024,[c ,2021,@ C,2023
쐣 W,\,L,2022,106, C,2024, ll,2022,c s,2022
 ^O,I,L,2022,130, E,2023,ߖ{ i,2022, E,2022
R WN,,L,2022,378, T,2020, T,2021, ,2021
c C,_,L,2022,339,c z,2021, ,2023, Đ,2023
Ð T,,L,2022,108, Đ,2023,c C,2022, ,2023
 \,I,R,2022,468,er ,2020,er ,2021,R{ S,2024
\g,f,R,2022,412,T^i,2021,א ,2023, ח,2022
 ,f,R,2022,261,Y ,2020,g OY,2021,l,2021
ږ Bv,f,R,2022,181,쑺 C,2021,ؑ I,2020,_ Sm,2021
q Ўi,,B,2022,128, C,2024,HR Č,2023, Jl,2024
 q,I,L,2022,167, ,2023,c C,2022,Έ ꐬ,2021
 ,,L,2022,150,R WN,2020,c C,2022,c z,2021
J ,,R,2022,167, P,2023,i T,2023, P,2024
c ,y,R,2022,182,؉ ,2023, ,2024,n ,2021
 ,,L,2022,290,ؘQ ,2020,e ,2023,c s,2021
 I,,R,2022,307,O C,2024, ,2024,O C,2021
R s,,L,2022,142,,2023, Jl,2023,ؘQ ,2020
 ,I,R,2022,110, ,2022,{ ,2024,OVA,2022
Oc ,,R,2022,154,~ Y,2024,~ Y,2022,~ Y,2021
c ,,R,2022,156,R qP,2023,쑺 C,2023,\g,2023
J m,,B,2022,109,ؘQ ,2024, Jl,2023,V ,2022
z i,,L,2022,159, T,2024,c ,2022, O,2024
fXpCl,\,R,2022,331,}Nu[,2022,R I,2022,I[XeB,2024
yc ,,L,2022,229,OX M,2021,q 听,2023,e ,2023
}bJ[V[,I,L,2022,212, yP,2022,c L,2020,c ,2022
p ,,L,2022,138,Έ ꐬ,2021, ,2020, T,2021
씨 ,,L,2022,301,哇 m,2022, ,2020, s,2022
 C,\,L,2022,318,HL Dl,2023, G,2024,HR Č,2023
 Mi,,R,2022,373, ,2021,{ ,2022,R{ S,2024
dM TV,,L,2022,128,,2023,R WN,2020,OX M,2021
X hl,f,L,2022,168,R WN,2020, Đ,2023,e ,2023
ؑ I,,R,2022,101,Y ,2020,g OY,2021,{ El,2024
J ,,R,2022,156,i T,2023, P,2023,K u,2022
 Y,y,L,2022,199, su,2022,@ C,2024, T,2020
 ,,R,2022,232,{ El,2020, hl,2022, hl,2024
HR Č,L,L,2022,174, T,2023,c ,2022, ,2021
C ,y,L,2023,495, Y,2023, T,2023, ,2021
[c ,y,L,2023,549,@ C,2022, G,2020, l,2021
tR,y,R,2023,334,c _,2020,c _,2021, Dn,2022
 hl,y,R,2023,601,T^i,2024,}eBlX,2023,{ El,2020
{ ,,R,2023,561,g OY,2023,n ,2020,g OY,2024
씨 ,,L,2023,346,[c ,2024, l,2022, ,2024
Έ ꐬ,,L,2023,100,R ,2023,c ,2020,[c ,2024
 G,y,L,2023,369, W,2022, O,2022, W,2021
 ,y,R,2023,253,{ ,2024,{ El,2020,K u,2021
R ,y,L,2023,307,[c ,2024, O,2022,[c ,2021
ɓ TG,y,R,2023,216,X đ,2023,_ Sm,2021,}Lm,2023
쑺 C,,R,2023,473,R qP,2023,\g,2023,\g,2021
{ KY,,L,2023,416,q ,2023, b,2021,I ˖,2021
}eBlX,,R,2023,444,T^i,2021, hl,2023, hl,2022
c In,y,L,2023,127,c ,2023,C ,2021,c ,2021
g ,,R,2023,582,א ,2023,\g,2024,{ TY,2021
܏\ ,,L,2023,205,OX M,2021, Đ,2023,c s,2023
 E,,L,2023,633,c s,2024, l,2021,ߖ{ i,2022
哇 m,,L,2023,494, ,2021, Cl,2024,c s,2021
 ,,L,2023,172,R WN,2020, Đ,2023, ,2023
rVGh,,R,2023,347, ,2023,mCW[,2023,g OY,2024
IRG ڈ,,R,2023,127,ጎ ,2023,c ׎,2020,Y ,2020
g P,,L,2023,478,X F,2020,֍ C,2023, G,2024
 _,,L,2023,431, G,2023,|R,2023,{ KY,2022
{ a^,,R,2023,589,R 䍂,2022, ,2023,X đ,2024
؉ ,,R,2023,315, ,2024, ,2023,g OY,2024
i T,,R,2023,325, P,2023, P,2024,K u,2022
,,L,2023,304, Jl,2023,ؘQ ,2020,OX M,2021
c ,,R,2023,288,\g,2020,{ TY,2023, Dn,2022
{ El,,R,2023,455,ڋ{ T^,2023,T^i,2021,CGX,2024
u\,,R,2023,294, ,2024, Dn,2022,{ TY,2023
 O,,L,2023,490,Ζ hܘY,2021,q ,2024,T-c,2020
J K,,L,2023,291,c s,2022,c s,2020,R WN,2022
 Cl,L,L,2023,306,q 听,2022,ߖ{ i,2020,HL Dl,2023
 s,L,L,2023,418, ,2023, l,2021, ^O,2024
HR Č,L,L,2023,483, C,2024, n,2020, C,2022
}Nu[,L,R,2023,259,X đ,2023,b ,2020,O C,2022
_c M,,R,2023,276,{ El,2024,s,2020,IXi,2021
 e,,L,2023,264, W,2021, W,2022, yP,2021
Rc Nl,,R,2023,422,b ,2020,O C,2022,X đ,2023
 @,,L,2023,597, _,2021, _,2020,ߓ ,2023
IXi,,R,2023,543,R I,2021,c _,2021,rVGh,2020
 n,L,L,2023,443, Y,2021, su,2024,@ C,2021
frbh\,L,R,2023,381,\g,2020,\g,2021,{ TY,2023
 I,,R,2023,376,O C,2021,O C,2024, ,2024
R s^,,R,2023,269,ΐ V,2023, ,2023,{ ,2023
 G,,L,2023,488,c z,2020, su,2022,ؘQ ,2020
q ,L,L,2023,448,{ KY,2023,IR I,2020, T,2024
er ,L,R,2023,485,K u,2022, ,2020,O C,2021
c L,L,L,2023,253,{ ׎j,2022, O,2022,c ,2023
T^i,,R,2023,516, ח,2022,}eBlX,2023,EB[[,2021
 b,f,L,2023,613, e,2021,{ ׎j,2022, G,2020
 ^,f,L,2023,154,,2023,ؘQ ,2020, Jl,2023
ߖ{ i,_,L,2023,585,q ,2021, T,2024, yP,2020
 ,_,L,2023,660, s,2023, l,2021,[c ,2020
mCW[,_,R,2023,516,rVGh,2023,g OY,2022,{ El,2024
q G,f,R,2023,605,R I,2020,A[h,2021,c ,2022
{ ׎j,f,L,2023,176, su,2022,ؘQ ,2020,ؘQ ,2024
֍ C,f,L,2023,532, Cl,2024,ؘQ ,2020, G,2024
R I,_,R,2023,625,}Nu[,2022, ,2020,X đ,2024
 P,_,L,2023,548,Ζ hܘY,2021,c I,2020,c I,2022
X đ,_,R,2023,377,b ,2020,O C,2022,IXi,2024
~ Y,_,R,2023,251,b ,2022,V ,2022, I,2023
˒ F,f,L,2023,181,Έ ꐬ,2022, O,2021, ,2024
c z,f,L,2023,287,씨 ,2023, l,2022, T,2020
{ qY,f,R,2023,461,X đ,2024,q G,2022,ڋ{ T^,2023
K u,f,R,2023,479,{ ,2023,rVGh,2023,s,2020
\g,f,R,2023,399,쑺 C,2023,R qP,2023,}eBlX,2024
c ׎,f,R,2023,186,Y ,2020,l,2021,l,2022
 q,I,L,2023,257, ,2023, ,2024, Jl,2024
SUX,I,B,2023,321, ,2024, Dn,2022,g ,2022
 ^O,I,L,2023,138,씨 ,2023, l,2022, ,2024
yCg,,L,2023,225, ,2024, O,2021,,2021
}Lm,,R,2023,514, ,2020, \,2023,TY,2021
O C,,R,2023,571,}Nu[,2022,R I,2024, ,2024
{ TY,I,R,2023,370,EH[J[,2022, ,2024,Zf[j,2024
X F,I,L,2023,453,I ˖,2024,c I,2020, b,2020
 \,I,R,2023,563,rVGh,2022,}Lm,2023,er ,2020
@ C,I,L,2023,478, E,2024, W,2020,[c ,2021
IR I,,L,2023,191, _,2023,q ,2023, G,2021
ѐA ,,R,2023,137,GXRo[,2020,F ċP,2024,g OY,2022
 Đ,I,L,2023,344,e ,2023, ,2023,c C,2022
l,,R,2023,267,g OY,2021,Y ,2020,IXi,2021
 ,,R,2023,132,{ ,2021,GXRo[,2020,F ċP,2024
 ,,R,2023,322,R I,2020,R 䍂,2024,,2020
 Mi,,R,2023,203, P,2024,{ ,2021,V ,2022
 ,,R,2023,584,rVGh,2023,mCW[,2023,{ ,2023
R qP,,R,2023,474,쑺 C,2023,\g,2023,{ TY,2022
q 听,\,L,2023,387,g P,2021,c z,2021, Cl,2021
ߓ ,\,L,2023,613, @,2020, _,2020, @,2022
c I,\,L,2023,625,{ KY,2024, b,2020,I ˖,2024
 ,,R,2023,106,b ,2022,V ,2022,{ ,2021
|R,,L,2023,497,T-c,2021,{ KY,2022,T-c,2020
c ,,L,2023,472, O,2024, O,2022, T,2023
I ˖,\,L,2023,387,T-c,2021,|R,2022,T-c,2020
 W,\,L,2023,585,c ,2021,c ,2020, yP,2024
{ ,\,R,2023,484,K u,2024,K u,2023,er ,2020
c O,,R,2023,214,V ,2022,F ċP,2024,{ ,2021
 T,,L,2023,380,ߖ{ i,2024, yP,2020,ߓ ,2020
 ,,L,2023,361,c C,2022, Đ,2023,R WN,2022
b ,\,R,2023,420,A[h,2022,O C,2022,Y ,2020
 su,,L,2023,278, O,2021,{ ׎j,2022,R ,2023
 C,\,L,2023,268,R WN,2022, T,2021,R WN,2020
JXe,,R,2023,172,s,2020,R qP,2022,IXi,2022
R s,,L,2023,147, Đ,2023,ؘQ ,2020,e ,2023
א ,,R,2023,576,{ TY,2022,\g,2024,g ,2023
ێR a,,L,2023,106,,2023,R WN,2020,OX M,2021
{ i,L,R,2023,276,K u,2022,g OY,2024,n ,2021
ɓ ,f,R,2023,176,{ ,2021,{ El,2024,b ,2022
ؘQ ,_,L,2023,470,c s,2023, C,2020, C,2024
{ uY,_,R,2023,289,b ,2022,i T,2023, I,2024
a,f,R,2023,230,{ ,2024,c ,2024,g OY,2022
c C,_,L,2023,121, Jl,2023,ؘQ ,2024,,2023
YJ mN,y,R,2023,145,GXRo[,2020,g OY,2022,{ ,2024
]z ,,R,2023,177,b ,2023,b ,2021,g ,2022
 T,y,L,2023,441,c ,2022,IR I,2020, ,2021
 Ј,,R,2023,251,g OY,2022,c ,2024,{ ,2024
c ,I,L,2023,114,씨 ,2023, q,2020, ,2024
ጎ ,I,R,2023,318,c ׎,2020,JXe,2024,IXi,2022
 đ,,L,2023,110, b,2023,{ ׎j,2022,Έ ꐬ,2022
J ,,R,2023,187,B ,2020, P,2023,n ,2020
F ċP,,R,2023,209,c ,2024,g OY,2024, P,2024
 C,,R,2023,372,K u,2021,c ,2024,EB[[,2021
쐣 W,\,L,2023,208,@ C,2024, l,2022, ,2024
 v`,,R,2023,176,}eBlX,2023, đ,2020, ,2020
e ,,L,2023,348, Cl,2022,c s,2023, Đ,2023
R ,L,L,2023,156, ,2023,c C,2022,c z,2021
R{ S,f,R,2023,200,{ ,2024, ,2022,{ ,2022
c ,y,R,2023,233,~ Y,2020,i T,2024, ,2024
AJ^,,B,2023,125,b ,2023,I ˖,2023,Rc Nl,2023
 ,,L,2023,267, ,2021,ؘQ ,2024, ,2021
É Il,,R,2023,282,K u,2022,b ,2022, I,2024
p ,,L,2023,244,J K,2020, b,2020, _,2020
[ T,,L,2023,105,Ζ hܘY,2020,q ,2022, b,2021
{{ ,,L,2023,123, yP,2021, yP,2024,c ,2020
 G,,R,2023,174, P,2024,~ Y,2021,~ Y,2022
 ,,R,2023,257, ,2021, Mi,2022, ,2022
ڋ{ T^,I,R,2023,451,{ El,2023,q G,2022,{ TY,2021
V ,L,R,2023,133,b ,2022,{ ,2021,c ,2024
X ,I,L,2023,162, ll,2022,e ,2023,c s,2023
 đ,L,R,2023,284,{ TY,2022,\g,2024,Zf[j,2024
 ,,L,2023,170, O,2022,c L,2020,c ,2020
ޗǊ ,,R,2023,196,c ׎,2020,l,2022,IXi,2021
ΐ V,,R,2023,464,{ ,2023,mCW[,2023,ؑ I,2020
EH[J[,,R,2023,120,{ TY,2023,Zf[j,2024, ,2024
 Y,y,L,2023,410, n,2021, E,2023, su,2024
 n,y,L,2023,292, W,2022, e,2021, G,2023
g OY,I,R,2023,482,K u,2024,n ,2020,R{ S,2024
 ,,L,2023,178, Đ,2023, ,2023,c C,2022
HL Dl,,L,2023,439, C,2022, Y,2021, n,2021
 ,L,L,2023,146,ؘQ ,2024,R WN,2020, Jl,2023
 B,\,L,2023,375, ,2023, T,2023,ߖ{ i,2024
א ,,L,2023,112, ,2023,c z,2021,c z,2020
OX M,\,L,2023,316,g P,2021, Cl,2021, Cl,2022
 Jl,,L,2023,304,ؘQ ,2024, T,2020,,2023
R WN,,L,2023,153,c s,2023,Έ ꐬ,2021, Đ,2023
 P,y,R,2023,340,i T,2023,n ,2020,K u,2022
 ,,L,2023,109,c z,2020, G,2023, G,2022
ac NmN,,L,2023,113, O,2023, P,2024,Ζ hܘY,2021
 ח,,R,2023,209,fXpCl,2021,T^i,2023,T^i,2024
~GZX,_,R,2023,143,\g,2023,R qP,2023,쑺 C,2023
rc ,,R,2023,118,rVGh,2022,rVGh,2021,c ,2024
J M,,R,2023,198,s,2020,er ,2024, Y,2021
Zf[j,I,R,2023,187,{ TY,2023, ,2024,frbh\,2023
A u,I,R,2023,103,O C,2021,O C,2022,K u,2022
 ,,L,2023,222, su,2022,I ˖,2020, O,2021
c s,,L,2023,435,ؘQ ,2023, C,2020, ll,2022
n l,,R,2023,209, Dn,2022, ,2024,g ,2022
O E,_,L,2023,107, B,2022,[c ,2023, T,2021
 ,L,R,2023,146,EH[J[,2022,Zf[j,2024,{ TY,2023
 Y,,R,2023,197,{ ,2021,{ El,2024,V ,2022
g ,,L,2023,223,ؘQ ,2020,֍ C,2023,g P,2021
F ^,,L,2023,226,c{ T,2024,HR Č,2023, ,2024
Si T,,R,2023,187,n ,2020, P,2023, ,2024
ΐ T,,R,2023,118,c ,2024,쑺 C,2022, GV,2020
ub\[,,R,2023,147,g OY,2021,{ El,2024,g OY,2022
ߖ{ i,_,L,2024,639, T,2024, s,2024,q ,2021
 ,_,L,2024,634, E,2024,[c ,2024, q,2020
X đ,_,R,2024,526,{ a^,2024, ,2020,Rc Nl,2021
R I,_,R,2024,545, ,2024,{ El,2021, ,2020
X r,,L,2024,156,OX M,2021, Đ,2023,ؘQ ,2023
e ,,L,2024,405, ,2024,IR I,2021, T,2020
 P,_,L,2024,496,XpWFo[O,2020,T-c,2020,c I,2022
O E,_,L,2024,362, n,2021, n,2022,g P,2024
{ uY,_,R,2024,218,V ,2022,{ ,2021,b ,2022
ؘQ ,_,L,2024,409, T,2020, ,2021,씨 ,2023
{ a^,,R,2024,611,X đ,2024,Rc Nl,2021,R 䍂,2022
{ El,,R,2024,426,IXi,2021,mCW[,2023,c _,2020
 O,,L,2024,321,c ,2023,c ,2021,c ,2020
 _,,L,2024,595,IR I,2020,q ,2023, e,2020
g P,,L,2024,602,@ C,2022, n,2021,O E,2024
mCW[,_,R,2024,149,V ,2022,g OY,2024,b ,2022
 F,,L,2024,185, q,2020,씨 ,2023,[c ,2024
c ,,R,2024,343,F ċP,2024,{ ,2021,{ ,2024
 ,,L,2024,190, O,2020,HL Dl,2023,c ,2021
c ,,R,2024,225,yX,2020,c _,2020,l,2021
א ,,R,2024,600,CGX,2024,{ TY,2021,\g,2024
؉ ,,R,2024,203,g OY,2022,{ El,2024,c ,2024
 ח,,R,2024,113,Si T,2024, ,2020,}Lm,2023
 yP,,L,2024,363,c ,2020, s,2024,p ,2021
IXi,,R,2024,585,R I,2021,X đ,2023,}Lm,2023
 @,,L,2024,610, _,2021, _,2020,ߓ ,2023
fBJ[\,,L,2024,102,IOfB,2022,|R,2022,{ KY,2022
Rc Nl,,R,2024,385,b ,2020,TY,2021,R 䍂,2020
T^i,,R,2024,484, hl,2023, hl,2020,I[XeB,2021
 I,,R,2024,353,b ,2022, ,2024,K u,2022
 G,,L,2024,611,ߖ{ i,2020, C,2022,g P,2021
 ,,L,2024,147, BH,2024, ,2024, O,2021
 e,,L,2024,129,ؘQ ,2024, T,2020, ,2024
JXe,,R,2024,393,ጎ ,2023,s,2020,IXi,2021
F ^,,L,2024,164,HL Dl,2023, V,2024,c{ T,2024
er ,L,R,2024,497,s,2020,{ ,2023,K u,2023
{ i,L,R,2024,146,{ ,2021,F ċP,2024,V ,2022
 Cl,L,L,2024,588,֍ C,2023, G,2024,g P,2021
 đ,L,R,2024,273,Y ,2020,g OY,2021,{ El,2024
q ,L,L,2024,462,I ˖,2021,T-c,2021,T-c,2020
x P,f,L,2024,272, Cl,2022,R ,2020,e ,2023
I[XeB,f,R,2024,445, hl,2020, ,2021,{ El,2023
 b,f,L,2024,566,@ C,2021,X F,2020, n,2021
c r,L,L,2024,106,c z,2020, G,2022, G,2023
q G,f,R,2024,561,A[h,2021,c ,2022,R I,2020
{ qY,f,R,2024,469, hl,2021, hl,2023,Si T,2024
 V,f,L,2024,351,c{ T,2024, W,2021,OX M,2022
R{ S,f,R,2024,403,{ qY,2021,{ ,2022,K u,2024
֍ C,f,L,2024,142,ؘQ ,2024,씨 ,2023, ,2021
HR Č,L,L,2024,587, C,2024, ll,2022,c s,2022
q Ўi,,B,2024,141, q,2020, T,2020,ؘQ ,2024
O C,,R,2024,500, ,2024, I,2022, I,2023
[c ,y,L,2024,522, ,2024,R ,2023, q,2020
 T,y,L,2024,642,ߖ{ i,2024, T,2024,c ,2022
AM[,,R,2024,124,b ,2021,b ,2023,~ Y,2022
 ,,R,2024,205,g ,2022, Dn,2022,A[h,2022
 hl,y,R,2024,552,{ El,2020,{ El,2021, ,2020
 G,y,L,2024,154, O,2022,[c ,2024,c L,2020
tR,y,R,2024,243,A[h,2022,g ,2022,l,2021
C ,y,L,2024,597,Ζ hܘY,2020,q ,2021, ,2020
É Il,,R,2024,279,~ Y,2022,~ Y,2021,~ Y,2024
c s,,L,2024,577, E,2023,g P,2020,g P,2022
c ,y,R,2024,269,{ ,2021,V ,2022,{ El,2024
 P,y,R,2024,571,i T,2023,{ ,2021,c ,2024
 n,y,L,2024,460,O E,2024, e,2021,{ ׎j,2022
 ,,L,2024,335, su,2022, G,2022,,2021
{ ,,R,2024,486,g OY,2022,c ,2024,؉ ,2022
g ,,R,2024,556,{ TY,2022,א ,2023,R I,2020
 T,,L,2024,369, T,2024,ߖ{ i,2023, W,2022
\g,,R,2024,542,Zf[j,2024,א ,2023,{ TY,2022
|R,,L,2024,468,}[eB,2020,}[eB,2021,{ KY,2022
R qP,,R,2024,181,{ ,2021,{ El,2024,c ,2024
}eBlX,,R,2024,459,TY,2021,\g,2022,\g,2023
쑺 C,,R,2024,152,g OY,2021,{ El,2024,c _,2020
CGX,,R,2024,368,{ TY,2021,א ,2023,g ,2023
c ,,L,2024,174,Έ ꐬ,2021, Đ,2023,R WN,2020
 C,,R,2024,420,ڋ{ T^,2023, ,2021,i T,2024
 ,,R,2024,433,O C,2024,K u,2022, I,2022
 BH,,L,2024,359,,2021, ,2024,R ,2020
ޗǊ ,,R,2024,150,g OY,2021,Y ,2020,GXRo[,2020
c{ T,,L,2024,349, C,2024, ll,2022,HR Č,2023
 su,,L,2024,452, n,2021, W,2020, G,2020
F ċP,,R,2024,393,c ,2024,{ ,2021,V ,2022
 C,\,L,2024,477,HR Č,2024, ll,2022,HR Č,2023
{ ,\,R,2024,538,OVA,2022,R{ S,2024,{ qY,2021
c I,\,L,2024,225,Ζ hܘY,2020, b,2021, b,2020
R 䍂,\,R,2024,611, ,2023,,2020,R I,2020
 n,I,L,2024,553,R ,2020, Cl,2022,Ǌ ,2021
 ^O,I,L,2024,312,[c ,2020,哇 m,2020,ߖ{ i,2022
X F,I,L,2024,457, b,2021,{ KY,2023,q ,2021
ڋ{ T^,I,R,2024,290,b ,2020,TY,2021,O C,2022
@ C,I,L,2024,322, E,2024, ,2024, l,2022
g OY,I,R,2024,523,rVGh,2023,mCW[,2023,{ ,2024
ߓ ,\,L,2024,535,gc ,2021, e,2020,gc ,2022
I ˖,\,L,2024,598,X F,2023,q ,2024,{ KY,2023
b ,\,R,2024,392, GV,2020, ,2020,O C,2023
{ TY,I,R,2024,239,\g,2020,\g,2021,frbh\,2023
A u,I,R,2024,119,b ,2022,~ Y,2024,~ Y,2021
q 听,\,L,2024,259, Cl,2021,OX M,2023,g P,2021
Zf[j,I,R,2024,334,\g,2024,{ TY,2022,,2020
~ Y,_,R,2024,318,b ,2022,n ,2021,i T,2023
 l,_,L,2024,128,씨 ,2023, q,2020, ,2024
 ,,R,2024,163,{ El,2024,ؑ I,2020,Y ,2020
哇 m,,L,2024,125,ؘQ ,2024, Jl,2023, T,2020
{ ,,R,2024,142,K u,2023,JXe,2024,g OY,2022
{{ ,,L,2024,164, E,2024,R WN,2022, T,2020
R{ ׊,,R,2024,179,g OY,2024,n ,2021,mCW[,2023
ێR a,,L,2024,296, ,2024,e ,2024, E,2024
 s,L,L,2024,443,c ,2020, yP,2024,[c ,2020
K u,f,R,2024,321,{ ,2023,er ,2020,R{ S,2024
c L,L,L,2024,108, O,2021, su,2022,C ,2021
 ,L,L,2024,495,ؘQ ,2023, Jl,2024, C,2024
 ,y,R,2024,254,TY,2021,Rc Nl,2024,Rc Nl,2023
ɓ TG,y,R,2024,125, đ,2020, ח,2021,~ Y,2020
 Mi,,R,2024,213,er ,2023,er ,2022,O C,2020
c O,,R,2024,160, I,2024,b ,2022,V ,2022
c ,I,L,2024,261, q,2020,@ C,2023, ,2024
 W,\,L,2024,203, q,2020, ,2024,씨 ,2023
 Č,,R,2024,158,c _,2021,IXi,2022,R I,2021
 ,_,L,2024,135,{ ׎j,2022,Ǌ ,2021, ,2021
 m,,L,2024,102, su,2022, ,2024, G,2022
 Jl,,L,2024,418, ,2024, C,2024,HR Č,2023
V ,L,R,2024,159,{ ,2021,b ,2022,{ El,2024
IR I,,L,2024,154, yP,2021, W,2021, T,2024
Ό V,y,R,2024,172,b ,2023,b ,2020,O C,2022
YJ mN,,R,2024,103,{ ,2021,g OY,2022,F ċP,2024
Si T,,R,2024,495,{ qY,2022,{ qY,2021, ,2020
p ,,L,2024,217,X F,2021,X F,2024,q ,2021
c ,I,R,2024,369, ח,2022,rVGh,2022,OVA,2022
C i,\,R,2024,120,b ,2023,{ El,2024,Y ,2020
 n,,R,2024,133,g OY,2021,g OY,2022,Y ,2020
Έ ꐬ,,L,2024,219,OX M,2022, n,2024,I ˖,2023
 Ј,,R,2024,184,GXRo[,2020,g OY,2022,{ ,2024
ጎ ,I,R,2024,299,g OY,2022, Y,2024,c ,2024
 ,,R,2024,345,R I,2024,R I,2022,TY,2020
IRG ڈ,,R,2024,157, đ,2020,IXi,2022,ጎ ,2023
܏\ ,,L,2024,127,,2023,R WN,2020, Jl,2023
쐣 W,\,L,2024,156, ,2021, ,2022,哇 m,2023
 ,,L,2024,313,e ,2024,IR I,2021, E,2024
 i,,R,2024,123,V ,2022,b ,2022,{ ,2021
 ^,f,L,2024,114,,2023,R WN,2020,ؘQ ,2024
c z,f,L,2024,236,ؘQ ,2020, Đ,2023,g P,2021
 Ĉ,L,R,2024,122,Y ,2020,g OY,2021,g OY,2022
쑺 Fl,\,L,2024,140,C ,2024, ,2020, T,2024
c KG,,L,2024,140,,2023, Jl,2023,e ,2023
 Y,,R,2024,311,JXe,2024,g OY,2022, P,2024
 q,\,R,2024,282,J u,2024, ,2021,EH[J[,2022
 \,I,R,2024,233,{ ,2021,c ,2024,؉ ,2022
ݓc s,,R,2024,298,mCW[,2023,ΐ V,2023,g OY,2022
J u,,R,2024,353, ,2021,q G,2021,\g,2024
씨 ,,L,2024,305,[c ,2021,IR I,2021,哇 m,2021
R ,,L,2024,223,c z,2020, G,2023, G,2022
Ό MK,L,R,2024,139,c i,2021,IXi,2021,c _,2021
J M,,R,2024,239,V ,2022,b ,2022, I,2024
 E,,L,2024,460,@ C,2023, ,2024,c s,2024
{ KY,,L,2024,329,c I,2021,c I,2023,c I,2022
 đ,,L,2024,144,[c ,2022,[c ,2023,哇 m,2021
i T,,R,2024,402, ח,2021,EB[[,2021, C,2024
ΐ V,,R,2024,275,K u,2024,er ,2020,R{ S,2024
c ,,R,2024,102,{ El,2024,Y ,2020,g OY,2021
ږ Bv,f,R,2024,253,_ Sm,2021, ,2020,b ,2024
c l,I,L,2024,189, W,2021, O,2021, ,2024
R SY,,L,2024,194, O,2021,C ,2021,Έ ꐬ,2022
 Òq,f,L,2024,168,{ KY,2022,{[A,2020,|R,2022
 ,L,R,2024,304,{ TY,2023, Dn,2022,g ,2022
X hl,f,L,2024,200, C,2020,ؘQ ,2023,c s,2023
n ,y,L,2024,154,c s,2023,e ,2023, ll,2022
g ,,L,2024,232,,2023,ؘQ ,2020,q 听,2023
n ,_,R,2024,137, ח,2021,b ,2024,~ Y,2020
 ll,,L,2024,287,c{ T,2024,q 听,2022,HR Č,2023
V ĉ,,L,2024,137, Jl,2023,ؘQ ,2024,,2023
A ,\,R,2024,111,{ El,2024,IXi,2021,{ ,2023
wifX,,R,2024,240,\g,2024,J u,2024,g ,2023
 B,\,L,2024,237, ,2021,HL Dl,2023, T,2023
Ǌ ,,L,2024,126, Jl,2024, ,2020,c ,2022
 ,,L,2024,264,ߖ{ i,2024, n,2020, s,2024
 ,y,L,2024,128,c z,2020, G,2022, ,2024
嗢 V,I,L,2024,176, q,2020, W,2020, T,2020
쑺 ,,R,2024,204,TY,2021,b ,2020, ,2020
eX,,R,2024,159,c i,2021,쑺 C,2022,IXi,2021
c In,y,L,2024,128, W,2021, V,2024,Ǌ ,2021
